id,account_id,target_type,target_id,rating,review_text,created_at
1,1,drug,10,5,Great value for money and reliable results.,2025-02-17
2,2,drug,10,3,Great value for money and reliable results.,2025-02-17
3,3,drug,10,5,"Surprisingly good, exceeded my expectations!",2025-02-17
4,1,drug,70,5,Not as effective as I expected.,2025-02-17
5,2,drug,70,4,Amazing! I highly recommend this for studies.,2025-02-17
6,3,drug,70,5,Great value for money and reliable results.,2025-02-17
7,1,drug,35,2,Outstanding! Truly revolutionary in my lab.,2025-02-17
8,2,drug,35,5,I didn't notice a significant difference.,2025-02-17
9,3,drug,35,4,Not as effective as I expected.,2025-02-17
10,1,drug,99,2,"Excellent product, really helped my research!",2025-02-17
11,2,drug,99,5,Not as effective as I expected.,2025-02-17
12,3,drug,99,3,"Excellent product, really helped my research!",2025-02-17
13,1,drug,13,1,Great value for money and reliable results.,2025-02-17
14,2,drug,13,2,Not as effective as I expected.,2025-02-17
15,3,drug,13,1,Amazing! I highly recommend this for studies.,2025-02-17
16,1,drug,72,1,I was very satisfied with the performance.,2025-02-17
17,2,drug,72,2,"Quality is decent, but could be improved.",2025-02-17
18,3,drug,72,1,Outstanding! Truly revolutionary in my lab.,2025-02-17
19,1,drug,50,5,"Surprisingly good, exceeded my expectations!",2025-02-17
20,2,drug,50,2,Not as effective as I expected.,2025-02-17
21,3,drug,50,3,"Surprisingly good, exceeded my expectations!",2025-02-17
22,1,drug,102,3,"Mediocre results, not what I hoped for.",2025-02-17
23,2,drug,102,1,"Excellent product, really helped my research!",2025-02-17
24,3,drug,102,4,"Surprisingly good, exceeded my expectations!",2025-02-17
25,1,drug,48,3,"Surprisingly good, exceeded my expectations!",2025-02-17
26,2,drug,48,2,"Excellent product, really helped my research!",2025-02-17
27,3,drug,48,4,Not as effective as I expected.,2025-02-17
28,1,drug,73,2,I was very satisfied with the performance.,2025-02-17
29,2,drug,73,1,Amazing! I highly recommend this for studies.,2025-02-17
30,3,drug,73,5,I was very satisfied with the performance.,2025-02-17
31,1,drug,15,2,"Surprisingly good, exceeded my expectations!",2025-02-17
32,2,drug,15,2,I didn't notice a significant difference.,2025-02-17
33,3,drug,15,3,"Surprisingly good, exceeded my expectations!",2025-02-17
34,1,drug,12,5,"Surprisingly good, exceeded my expectations!",2025-02-17
35,2,drug,12,4,"Surprisingly good, exceeded my expectations!",2025-02-17
36,3,drug,12,2,"Surprisingly good, exceeded my expectations!",2025-02-17
37,1,drug,90,3,Outstanding! Truly revolutionary in my lab.,2025-02-17
38,2,drug,90,5,"Quality is decent, but could be improved.",2025-02-17
39,3,drug,90,2,"Excellent product, really helped my research!",2025-02-17
40,1,drug,6,3,"Mediocre results, not what I hoped for.",2025-02-17
41,2,drug,6,3,Not as effective as I expected.,2025-02-17
42,3,drug,6,4,Not as effective as I expected.,2025-02-17
43,1,drug,55,2,Not as effective as I expected.,2025-02-17
44,2,drug,55,2,I was very satisfied with the performance.,2025-02-17
45,3,drug,55,5,Amazing! I highly recommend this for studies.,2025-02-17
46,1,drug,5,5,"Excellent product, really helped my research!",2025-02-17
47,2,drug,5,3,Amazing! I highly recommend this for studies.,2025-02-17
48,3,drug,5,4,Great value for money and reliable results.,2025-02-17
49,1,drug,17,3,Outstanding! Truly revolutionary in my lab.,2025-02-17
50,2,drug,17,2,Not as effective as I expected.,2025-02-17
51,3,drug,17,4,"Mediocre results, not what I hoped for.",2025-02-17
52,1,drug,25,5,I was very satisfied with the performance.,2025-02-17
53,2,drug,25,2,Amazing! I highly recommend this for studies.,2025-02-17
54,3,drug,25,3,"Quality is decent, but could be improved.",2025-02-17
55,1,drug,79,5,"Surprisingly good, exceeded my expectations!",2025-02-17
56,2,drug,79,2,"Surprisingly good, exceeded my expectations!",2025-02-17
57,3,drug,79,4,"Excellent product, really helped my research!",2025-02-17
58,1,drug,80,3,"Excellent product, really helped my research!",2025-02-17
59,2,drug,80,3,"Excellent product, really helped my research!",2025-02-17
60,3,drug,80,2,Amazing! I highly recommend this for studies.,2025-02-17
61,1,drug,78,1,Outstanding! Truly revolutionary in my lab.,2025-02-17
62,2,drug,78,4,Outstanding! Truly revolutionary in my lab.,2025-02-17
63,3,drug,78,2,"Mediocre results, not what I hoped for.",2025-02-17
64,1,drug,24,3,Great value for money and reliable results.,2025-02-17
65,2,drug,24,5,Great value for money and reliable results.,2025-02-17
66,3,drug,24,4,"Excellent product, really helped my research!",2025-02-17
67,1,drug,7,4,"Excellent product, really helped my research!",2025-02-17
68,2,drug,7,4,"Mediocre results, not what I hoped for.",2025-02-17
69,3,drug,7,4,"Quality is decent, but could be improved.",2025-02-17
70,1,drug,66,5,I didn't notice a significant difference.,2025-02-17
71,2,drug,66,2,Great value for money and reliable results.,2025-02-17
72,3,drug,66,2,Great value for money and reliable results.,2025-02-17
73,1,drug,41,1,"Surprisingly good, exceeded my expectations!",2025-02-17
74,2,drug,41,4,I didn't notice a significant difference.,2025-02-17
75,3,drug,41,5,Outstanding! Truly revolutionary in my lab.,2025-02-17
76,1,drug,30,5,Outstanding! Truly revolutionary in my lab.,2025-02-17
77,2,drug,30,4,"Quality is decent, but could be improved.",2025-02-17
78,3,drug,30,5,"Excellent product, really helped my research!",2025-02-17
79,1,drug,74,1,"Mediocre results, not what I hoped for.",2025-02-17
80,2,drug,74,2,"Excellent product, really helped my research!",2025-02-17
81,3,drug,74,3,"Surprisingly good, exceeded my expectations!",2025-02-17
82,1,drug,62,1,"Quality is decent, but could be improved.",2025-02-17
83,2,drug,62,5,Amazing! I highly recommend this for studies.,2025-02-17
84,3,drug,62,3,Amazing! I highly recommend this for studies.,2025-02-17
85,1,drug,95,3,Not as effective as I expected.,2025-02-17
86,2,drug,95,1,I was very satisfied with the performance.,2025-02-17
87,3,drug,95,3,I was very satisfied with the performance.,2025-02-17
88,1,drug,92,5,I was very satisfied with the performance.,2025-02-17
89,2,drug,92,3,"Mediocre results, not what I hoped for.",2025-02-17
90,3,drug,92,2,"Surprisingly good, exceeded my expectations!",2025-02-17
91,1,drug,56,5,I didn't notice a significant difference.,2025-02-17
92,2,drug,56,3,Outstanding! Truly revolutionary in my lab.,2025-02-17
93,3,drug,56,2,I didn't notice a significant difference.,2025-02-17
94,1,drug,46,5,"Excellent product, really helped my research!",2025-02-17
95,2,drug,46,1,"Excellent product, really helped my research!",2025-02-17
96,3,drug,46,3,I didn't notice a significant difference.,2025-02-17
97,1,drug,98,4,Outstanding! Truly revolutionary in my lab.,2025-02-17
98,2,drug,98,1,I didn't notice a significant difference.,2025-02-17
99,3,drug,98,2,"Quality is decent, but could be improved.",2025-02-17
100,1,drug,61,1,Outstanding! Truly revolutionary in my lab.,2025-02-17
101,2,drug,61,2,Great value for money and reliable results.,2025-02-17
102,3,drug,61,3,"Excellent product, really helped my research!",2025-02-17
103,1,drug,81,2,"Quality is decent, but could be improved.",2025-02-17
104,2,drug,81,2,Great value for money and reliable results.,2025-02-17
105,3,drug,81,4,I didn't notice a significant difference.,2025-02-17
106,1,drug,44,3,"Excellent product, really helped my research!",2025-02-17
107,2,drug,44,4,I was very satisfied with the performance.,2025-02-17
108,3,drug,44,2,"Surprisingly good, exceeded my expectations!",2025-02-17
109,1,drug,18,1,Outstanding! Truly revolutionary in my lab.,2025-02-17
110,2,drug,18,1,"Surprisingly good, exceeded my expectations!",2025-02-17
111,3,drug,18,3,Outstanding! Truly revolutionary in my lab.,2025-02-17
112,1,drug,3,1,I was very satisfied with the performance.,2025-02-17
113,2,drug,3,3,I was very satisfied with the performance.,2025-02-17
114,3,drug,3,5,"Quality is decent, but could be improved.",2025-02-17
115,1,drug,4,4,"Excellent product, really helped my research!",2025-02-17
116,2,drug,4,1,Amazing! I highly recommend this for studies.,2025-02-17
117,3,drug,4,2,I was very satisfied with the performance.,2025-02-17
118,1,drug,28,1,Amazing! I highly recommend this for studies.,2025-02-17
119,2,drug,28,2,Not as effective as I expected.,2025-02-17
120,3,drug,28,4,Outstanding! Truly revolutionary in my lab.,2025-02-17
121,1,drug,39,5,"Surprisingly good, exceeded my expectations!",2025-02-17
122,2,drug,39,3,"Quality is decent, but could be improved.",2025-02-17
123,3,drug,39,1,I was very satisfied with the performance.,2025-02-17
124,1,drug,82,3,"Surprisingly good, exceeded my expectations!",2025-02-17
125,2,drug,82,2,I was very satisfied with the performance.,2025-02-17
126,3,drug,82,1,I didn't notice a significant difference.,2025-02-17
127,1,drug,83,5,I was very satisfied with the performance.,2025-02-17
128,2,drug,83,5,"Surprisingly good, exceeded my expectations!",2025-02-17
129,3,drug,83,3,"Mediocre results, not what I hoped for.",2025-02-17
130,1,drug,65,1,"Surprisingly good, exceeded my expectations!",2025-02-17
131,2,drug,65,2,"Excellent product, really helped my research!",2025-02-17
132,3,drug,65,1,Amazing! I highly recommend this for studies.,2025-02-17
133,1,drug,69,5,"Surprisingly good, exceeded my expectations!",2025-02-17
134,2,drug,69,3,"Excellent product, really helped my research!",2025-02-17
135,3,drug,69,5,Great value for money and reliable results.,2025-02-17
136,1,drug,43,2,Great value for money and reliable results.,2025-02-17
137,2,drug,43,3,I didn't notice a significant difference.,2025-02-17
138,3,drug,43,2,Amazing! I highly recommend this for studies.,2025-02-17
139,1,drug,57,4,"Excellent product, really helped my research!",2025-02-17
140,2,drug,57,4,I was very satisfied with the performance.,2025-02-17
141,3,drug,57,1,Not as effective as I expected.,2025-02-17
142,1,drug,42,2,Outstanding! Truly revolutionary in my lab.,2025-02-17
143,2,drug,42,3,Not as effective as I expected.,2025-02-17
144,3,drug,42,2,"Excellent product, really helped my research!",2025-02-17
145,1,drug,52,4,Great value for money and reliable results.,2025-02-17
146,2,drug,52,5,I was very satisfied with the performance.,2025-02-17
147,3,drug,52,1,"Surprisingly good, exceeded my expectations!",2025-02-17
148,1,drug,29,5,I was very satisfied with the performance.,2025-02-17
149,2,drug,29,5,"Surprisingly good, exceeded my expectations!",2025-02-17
150,3,drug,29,4,"Excellent product, really helped my research!",2025-02-17
151,1,drug,103,2,"Surprisingly good, exceeded my expectations!",2025-02-17
152,2,drug,103,2,"Mediocre results, not what I hoped for.",2025-02-17
153,3,drug,103,4,I was very satisfied with the performance.,2025-02-17
154,1,drug,100,4,"Mediocre results, not what I hoped for.",2025-02-17
155,2,drug,100,1,"Mediocre results, not what I hoped for.",2025-02-17
156,3,drug,100,1,Amazing! I highly recommend this for studies.,2025-02-17
157,1,drug,93,2,"Excellent product, really helped my research!",2025-02-17
158,2,drug,93,3,Not as effective as I expected.,2025-02-17
159,3,drug,93,4,Amazing! I highly recommend this for studies.,2025-02-17
160,1,drug,84,5,I didn't notice a significant difference.,2025-02-17
161,2,drug,84,4,I was very satisfied with the performance.,2025-02-17
162,3,drug,84,2,I didn't notice a significant difference.,2025-02-17
163,1,drug,97,5,"Quality is decent, but could be improved.",2025-02-17
164,2,drug,97,2,Not as effective as I expected.,2025-02-17
165,3,drug,97,3,I didn't notice a significant difference.,2025-02-17
166,1,drug,14,2,I didn't notice a significant difference.,2025-02-17
167,2,drug,14,3,Not as effective as I expected.,2025-02-17
168,3,drug,14,2,"Quality is decent, but could be improved.",2025-02-17
169,1,drug,67,1,Amazing! I highly recommend this for studies.,2025-02-17
170,2,drug,67,3,"Mediocre results, not what I hoped for.",2025-02-17
171,3,drug,67,4,I didn't notice a significant difference.,2025-02-17
172,1,drug,1,2,Great value for money and reliable results.,2025-02-17
173,2,drug,1,3,I was very satisfied with the performance.,2025-02-17
174,3,drug,1,5,"Surprisingly good, exceeded my expectations!",2025-02-17
175,1,drug,40,2,Great value for money and reliable results.,2025-02-17
176,2,drug,40,1,"Mediocre results, not what I hoped for.",2025-02-17
177,3,drug,40,4,I was very satisfied with the performance.,2025-02-17
178,1,drug,71,3,Outstanding! Truly revolutionary in my lab.,2025-02-17
179,2,drug,71,2,"Surprisingly good, exceeded my expectations!",2025-02-17
180,3,drug,71,1,"Mediocre results, not what I hoped for.",2025-02-17
181,1,drug,96,4,Great value for money and reliable results.,2025-02-17
182,2,drug,96,2,I was very satisfied with the performance.,2025-02-17
183,3,drug,96,3,"Quality is decent, but could be improved.",2025-02-17
184,1,drug,54,2,"Mediocre results, not what I hoped for.",2025-02-17
185,2,drug,54,4,Amazing! I highly recommend this for studies.,2025-02-17
186,3,drug,54,2,"Quality is decent, but could be improved.",2025-02-17
187,1,drug,31,4,Amazing! I highly recommend this for studies.,2025-02-17
188,2,drug,31,5,"Quality is decent, but could be improved.",2025-02-17
189,3,drug,31,1,"Surprisingly good, exceeded my expectations!",2025-02-17
190,1,drug,38,2,"Surprisingly good, exceeded my expectations!",2025-02-17
191,2,drug,38,4,"Mediocre results, not what I hoped for.",2025-02-17
192,3,drug,38,2,Amazing! I highly recommend this for studies.,2025-02-17
193,1,drug,37,3,Great value for money and reliable results.,2025-02-17
194,2,drug,37,5,Great value for money and reliable results.,2025-02-17
195,3,drug,37,1,"Quality is decent, but could be improved.",2025-02-17
196,1,drug,47,5,"Mediocre results, not what I hoped for.",2025-02-17
197,2,drug,47,4,"Quality is decent, but could be improved.",2025-02-17
198,3,drug,47,1,I didn't notice a significant difference.,2025-02-17
199,1,drug,77,1,"Mediocre results, not what I hoped for.",2025-02-17
200,2,drug,77,3,Amazing! I highly recommend this for studies.,2025-02-17
201,3,drug,77,3,"Excellent product, really helped my research!",2025-02-17
202,1,drug,49,4,"Surprisingly good, exceeded my expectations!",2025-02-17
203,2,drug,49,2,"Surprisingly good, exceeded my expectations!",2025-02-17
204,3,drug,49,4,"Quality is decent, but could be improved.",2025-02-17
205,1,drug,106,1,Not as effective as I expected.,2025-02-17
206,2,drug,106,4,I was very satisfied with the performance.,2025-02-17
207,3,drug,106,4,"Excellent product, really helped my research!",2025-02-17
208,1,drug,105,5,"Surprisingly good, exceeded my expectations!",2025-02-17
209,2,drug,105,2,"Surprisingly good, exceeded my expectations!",2025-02-17
210,3,drug,105,4,"Surprisingly good, exceeded my expectations!",2025-02-17
211,1,drug,22,2,Not as effective as I expected.,2025-02-17
212,2,drug,22,1,I didn't notice a significant difference.,2025-02-17
213,3,drug,22,2,Great value for money and reliable results.,2025-02-17
214,1,drug,32,3,Amazing! I highly recommend this for studies.,2025-02-17
215,2,drug,32,5,Amazing! I highly recommend this for studies.,2025-02-17
216,3,drug,32,5,"Excellent product, really helped my research!",2025-02-17
217,1,drug,68,4,"Excellent product, really helped my research!",2025-02-17
218,2,drug,68,4,"Quality is decent, but could be improved.",2025-02-17
219,3,drug,68,3,Great value for money and reliable results.,2025-02-17
220,1,drug,33,3,"Excellent product, really helped my research!",2025-02-17
221,2,drug,33,4,I was very satisfied with the performance.,2025-02-17
222,3,drug,33,5,Great value for money and reliable results.,2025-02-17
223,1,drug,51,3,I didn't notice a significant difference.,2025-02-17
224,2,drug,51,1,"Surprisingly good, exceeded my expectations!",2025-02-17
225,3,drug,51,1,"Mediocre results, not what I hoped for.",2025-02-17
226,1,drug,60,2,"Excellent product, really helped my research!",2025-02-17
227,2,drug,60,4,Outstanding! Truly revolutionary in my lab.,2025-02-17
228,3,drug,60,4,"Quality is decent, but could be improved.",2025-02-17
229,1,drug,63,3,Amazing! I highly recommend this for studies.,2025-02-17
230,2,drug,63,5,Not as effective as I expected.,2025-02-17
231,3,drug,63,1,Not as effective as I expected.,2025-02-17
232,1,drug,85,5,"Excellent product, really helped my research!",2025-02-17
233,2,drug,85,1,"Excellent product, really helped my research!",2025-02-17
234,3,drug,85,5,"Surprisingly good, exceeded my expectations!",2025-02-17
235,1,drug,76,5,"Mediocre results, not what I hoped for.",2025-02-17
236,2,drug,76,1,"Quality is decent, but could be improved.",2025-02-17
237,3,drug,76,4,Not as effective as I expected.,2025-02-17
238,1,drug,2,5,I was very satisfied with the performance.,2025-02-17
239,2,drug,2,2,I was very satisfied with the performance.,2025-02-17
240,3,drug,2,1,I was very satisfied with the performance.,2025-02-17
241,1,drug,16,5,Great value for money and reliable results.,2025-02-17
242,2,drug,16,2,"Surprisingly good, exceeded my expectations!",2025-02-17
243,3,drug,16,3,"Quality is decent, but could be improved.",2025-02-17
244,1,drug,21,2,I was very satisfied with the performance.,2025-02-17
245,2,drug,21,5,I was very satisfied with the performance.,2025-02-17
246,3,drug,21,4,Not as effective as I expected.,2025-02-17
247,1,drug,86,5,"Surprisingly good, exceeded my expectations!",2025-02-17
248,2,drug,86,3,I didn't notice a significant difference.,2025-02-17
249,3,drug,86,5,"Excellent product, really helped my research!",2025-02-17
250,1,drug,59,5,I didn't notice a significant difference.,2025-02-17
251,2,drug,59,5,"Surprisingly good, exceeded my expectations!",2025-02-17
252,3,drug,59,1,I didn't notice a significant difference.,2025-02-17
253,1,drug,20,4,"Mediocre results, not what I hoped for.",2025-02-17
254,2,drug,20,4,Not as effective as I expected.,2025-02-17
255,3,drug,20,2,"Quality is decent, but could be improved.",2025-02-17
256,1,drug,36,1,Great value for money and reliable results.,2025-02-17
257,2,drug,36,3,"Quality is decent, but could be improved.",2025-02-17
258,3,drug,36,2,Not as effective as I expected.,2025-02-17
259,1,drug,87,4,"Mediocre results, not what I hoped for.",2025-02-17
260,2,drug,87,3,Not as effective as I expected.,2025-02-17
261,3,drug,87,5,Outstanding! Truly revolutionary in my lab.,2025-02-17
262,1,drug,34,4,Amazing! I highly recommend this for studies.,2025-02-17
263,2,drug,34,2,"Quality is decent, but could be improved.",2025-02-17
264,3,drug,34,3,"Quality is decent, but could be improved.",2025-02-17
265,1,drug,27,1,Amazing! I highly recommend this for studies.,2025-02-17
266,2,drug,27,5,"Quality is decent, but could be improved.",2025-02-17
267,3,drug,27,5,Great value for money and reliable results.,2025-02-17
268,1,drug,45,4,I didn't notice a significant difference.,2025-02-17
269,2,drug,45,5,Amazing! I highly recommend this for studies.,2025-02-17
270,3,drug,45,4,"Excellent product, really helped my research!",2025-02-17
271,1,drug,26,2,Not as effective as I expected.,2025-02-17
272,2,drug,26,2,"Quality is decent, but could be improved.",2025-02-17
273,3,drug,26,2,Outstanding! Truly revolutionary in my lab.,2025-02-17
274,1,drug,91,4,"Quality is decent, but could be improved.",2025-02-17
275,2,drug,91,3,I didn't notice a significant difference.,2025-02-17
276,3,drug,91,5,"Mediocre results, not what I hoped for.",2025-02-17
277,1,drug,64,1,Outstanding! Truly revolutionary in my lab.,2025-02-17
278,2,drug,64,3,Amazing! I highly recommend this for studies.,2025-02-17
279,3,drug,64,5,I didn't notice a significant difference.,2025-02-17
280,1,drug,104,4,Great value for money and reliable results.,2025-02-17
281,2,drug,104,1,Outstanding! Truly revolutionary in my lab.,2025-02-17
282,3,drug,104,2,Great value for money and reliable results.,2025-02-17
283,1,drug,53,5,"Quality is decent, but could be improved.",2025-02-17
284,2,drug,53,3,Great value for money and reliable results.,2025-02-17
285,3,drug,53,3,Outstanding! Truly revolutionary in my lab.,2025-02-17
286,1,drug,8,3,"Surprisingly good, exceeded my expectations!",2025-02-17
287,2,drug,8,2,Amazing! I highly recommend this for studies.,2025-02-17
288,3,drug,8,3,Amazing! I highly recommend this for studies.,2025-02-17
289,1,drug,88,2,Amazing! I highly recommend this for studies.,2025-02-17
290,2,drug,88,4,I was very satisfied with the performance.,2025-02-17
291,3,drug,88,5,"Excellent product, really helped my research!",2025-02-17
292,1,drug,23,4,I didn't notice a significant difference.,2025-02-17
293,2,drug,23,4,"Excellent product, really helped my research!",2025-02-17
294,3,drug,23,2,Outstanding! Truly revolutionary in my lab.,2025-02-17
295,1,drug,19,1,"Excellent product, really helped my research!",2025-02-17
296,2,drug,19,1,"Quality is decent, but could be improved.",2025-02-17
297,3,drug,19,3,I was very satisfied with the performance.,2025-02-17
298,1,drug,9,3,Not as effective as I expected.,2025-02-17
299,2,drug,9,5,Great value for money and reliable results.,2025-02-17
300,3,drug,9,5,I didn't notice a significant difference.,2025-02-17
301,1,drug,101,1,"Mediocre results, not what I hoped for.",2025-02-17
302,2,drug,101,2,I didn't notice a significant difference.,2025-02-17
303,3,drug,101,1,Amazing! I highly recommend this for studies.,2025-02-17
304,1,drug,75,3,"Surprisingly good, exceeded my expectations!",2025-02-17
305,2,drug,75,5,Great value for money and reliable results.,2025-02-17
306,3,drug,75,4,I was very satisfied with the performance.,2025-02-17
307,1,drug,94,1,I didn't notice a significant difference.,2025-02-17
308,2,drug,94,4,Not as effective as I expected.,2025-02-17
309,3,drug,94,1,"Mediocre results, not what I hoped for.",2025-02-17
310,1,drug,89,1,Amazing! I highly recommend this for studies.,2025-02-17
311,2,drug,89,2,Not as effective as I expected.,2025-02-17
312,3,drug,89,5,I didn't notice a significant difference.,2025-02-17
313,1,drug,58,3,Great value for money and reliable results.,2025-02-17
314,2,drug,58,5,"Mediocre results, not what I hoped for.",2025-02-17
315,3,drug,58,5,"Quality is decent, but could be improved.",2025-02-17
316,1,drug,11,2,Outstanding! Truly revolutionary in my lab.,2025-02-17
317,2,drug,11,3,"Quality is decent, but could be improved.",2025-02-17
318,3,drug,11,5,"Surprisingly good, exceeded my expectations!",2025-02-17
319,1,vendor,1,4,"Excellent product, really helped my research!",2025-02-17
320,2,vendor,1,2,Not as effective as I expected.,2025-02-17
321,3,vendor,1,4,Great value for money and reliable results.,2025-02-17
322,1,vendor,3,3,"Quality is decent, but could be improved.",2025-02-17
323,2,vendor,3,4,Outstanding! Truly revolutionary in my lab.,2025-02-17
324,3,vendor,3,1,Outstanding! Truly revolutionary in my lab.,2025-02-17
325,1,vendor,4,2,I didn't notice a significant difference.,2025-02-17
326,2,vendor,4,4,"Quality is decent, but could be improved.",2025-02-17
327,3,vendor,4,2,Great value for money and reliable results.,2025-02-17
328,1,vendor,5,5,I was very satisfied with the performance.,2025-02-17
329,2,vendor,5,3,"Mediocre results, not what I hoped for.",2025-02-17
330,3,vendor,5,4,I didn't notice a significant difference.,2025-02-17
331,1,vendor,6,2,"Excellent product, really helped my research!",2025-02-17
332,2,vendor,6,5,Not as effective as I expected.,2025-02-17
333,3,vendor,6,2,"Surprisingly good, exceeded my expectations!",2025-02-17
334,1,vendor,7,2,"Quality is decent, but could be improved.",2025-02-17
335,2,vendor,7,4,"Quality is decent, but could be improved.",2025-02-17
336,3,vendor,7,5,I was very satisfied with the performance.,2025-02-17
337,1,vendor,8,3,"Excellent product, really helped my research!",2025-02-17
338,2,vendor,8,3,Amazing! I highly recommend this for studies.,2025-02-17
339,3,vendor,8,2,I didn't notice a significant difference.,2025-02-17
340,1,vendor,9,4,"Quality is decent, but could be improved.",2025-02-17
341,2,vendor,9,2,Outstanding! Truly revolutionary in my lab.,2025-02-17
342,3,vendor,9,4,Amazing! I highly recommend this for studies.,2025-02-17
343,1,vendor,10,5,"Mediocre results, not what I hoped for.",2025-02-17
344,2,vendor,10,3,Outstanding! Truly revolutionary in my lab.,2025-02-17
345,3,vendor,10,5,Great value for money and reliable results.,2025-02-17
346,1,vendor,11,5,I was very satisfied with the performance.,2025-02-17
347,2,vendor,11,3,Amazing! I highly recommend this for studies.,2025-02-17
348,3,vendor,11,1,"Surprisingly good, exceeded my expectations!",2025-02-17
349,1,vendor,12,4,Amazing! I highly recommend this for studies.,2025-02-17
350,2,vendor,12,2,Amazing! I highly recommend this for studies.,2025-02-17
351,3,vendor,12,4,"Mediocre results, not what I hoped for.",2025-02-17
352,1,vendor,13,2,"Mediocre results, not what I hoped for.",2025-02-17
353,2,vendor,13,4,"Quality is decent, but could be improved.",2025-02-17
354,3,vendor,13,4,"Excellent product, really helped my research!",2025-02-17
355,1,vendor,14,5,Outstanding! Truly revolutionary in my lab.,2025-02-17
356,2,vendor,14,1,I didn't notice a significant difference.,2025-02-17
357,3,vendor,14,5,I was very satisfied with the performance.,2025-02-17
358,1,vendor,15,3,Amazing! I highly recommend this for studies.,2025-02-17
359,2,vendor,15,5,"Mediocre results, not what I hoped for.",2025-02-17
360,3,vendor,15,2,Amazing! I highly recommend this for studies.,2025-02-17
361,1,vendor,16,5,"Quality is decent, but could be improved.",2025-02-17
362,2,vendor,16,5,I didn't notice a significant difference.,2025-02-17
363,3,vendor,16,2,Amazing! I highly recommend this for studies.,2025-02-17
364,1,vendor,17,3,Not as effective as I expected.,2025-02-17
365,2,vendor,17,2,Not as effective as I expected.,2025-02-17
366,3,vendor,17,5,Great value for money and reliable results.,2025-02-17
367,1,vendor,18,4,"Excellent product, really helped my research!",2025-02-17
368,2,vendor,18,4,"Excellent product, really helped my research!",2025-02-17
369,3,vendor,18,2,"Excellent product, really helped my research!",2025-02-17
370,1,vendor,20,1,Great value for money and reliable results.,2025-02-17
371,2,vendor,20,3,I didn't notice a significant difference.,2025-02-17
372,3,vendor,20,5,Great value for money and reliable results.,2025-02-17
373,1,vendor,21,4,Great value for money and reliable results.,2025-02-17
374,2,vendor,21,5,Outstanding! Truly revolutionary in my lab.,2025-02-17
375,3,vendor,21,2,"Surprisingly good, exceeded my expectations!",2025-02-17
376,1,vendor,23,2,"Mediocre results, not what I hoped for.",2025-02-17
377,2,vendor,23,1,"Excellent product, really helped my research!",2025-02-17
378,3,vendor,23,5,I didn't notice a significant difference.,2025-02-17
379,1,vendor,25,1,Amazing! I highly recommend this for studies.,2025-02-17
380,2,vendor,25,4,Outstanding! Truly revolutionary in my lab.,2025-02-17
381,3,vendor,25,2,"Excellent product, really helped my research!",2025-02-17
382,1,vendor,26,2,"Surprisingly good, exceeded my expectations!",2025-02-17
383,2,vendor,26,1,Great value for money and reliable results.,2025-02-17
384,3,vendor,26,5,"Excellent product, really helped my research!",2025-02-17
385,1,vendor,27,1,Outstanding! Truly revolutionary in my lab.,2025-02-17
386,2,vendor,27,3,"Surprisingly good, exceeded my expectations!",2025-02-17
387,3,vendor,27,3,"Surprisingly good, exceeded my expectations!",2025-02-17
388,1,vendor,28,2,"Mediocre results, not what I hoped for.",2025-02-17
389,2,vendor,28,4,Great value for money and reliable results.,2025-02-17
390,3,vendor,28,2,"Excellent product, really helped my research!",2025-02-17
391,1,vendor,30,1,Great value for money and reliable results.,2025-02-17
392,2,vendor,30,5,Amazing! I highly recommend this for studies.,2025-02-17
393,3,vendor,30,3,"Surprisingly good, exceeded my expectations!",2025-02-17
394,1,vendor,31,1,I was very satisfied with the performance.,2025-02-17
395,2,vendor,31,4,I didn't notice a significant difference.,2025-02-17
396,3,vendor,31,1,"Quality is decent, but could be improved.",2025-02-17
397,1,vendor,32,2,"Surprisingly good, exceeded my expectations!",2025-02-17
398,2,vendor,32,1,"Surprisingly good, exceeded my expectations!",2025-02-17
399,3,vendor,32,2,"Mediocre results, not what I hoped for.",2025-02-17
400,1,vendor,33,2,"Excellent product, really helped my research!",2025-02-17
401,2,vendor,33,3,"Quality is decent, but could be improved.",2025-02-17
402,3,vendor,33,4,"Excellent product, really helped my research!",2025-02-17
403,1,vendor,34,4,"Excellent product, really helped my research!",2025-02-17
404,2,vendor,34,1,Amazing! I highly recommend this for studies.,2025-02-17
405,3,vendor,34,1,"Surprisingly good, exceeded my expectations!",2025-02-17
406,1,vendor,36,4,Not as effective as I expected.,2025-02-17
407,2,vendor,36,1,I didn't notice a significant difference.,2025-02-17
408,3,vendor,36,2,Great value for money and reliable results.,2025-02-17
409,1,vendor,38,4,Amazing! I highly recommend this for studies.,2025-02-17
410,2,vendor,38,4,Great value for money and reliable results.,2025-02-17
411,3,vendor,38,1,"Quality is decent, but could be improved.",2025-02-17
412,1,vendor,39,2,"Excellent product, really helped my research!",2025-02-17
413,2,vendor,39,3,Not as effective as I expected.,2025-02-17
414,3,vendor,39,3,Outstanding! Truly revolutionary in my lab.,2025-02-17
415,1,vendor,40,1,"Surprisingly good, exceeded my expectations!",2025-02-17
416,2,vendor,40,3,I was very satisfied with the performance.,2025-02-17
417,3,vendor,40,1,"Surprisingly good, exceeded my expectations!",2025-02-17
418,1,vendor,41,4,Amazing! I highly recommend this for studies.,2025-02-17
419,2,vendor,41,2,I didn't notice a significant difference.,2025-02-17
420,3,vendor,41,5,"Quality is decent, but could be improved.",2025-02-17
421,1,vendor,43,1,Great value for money and reliable results.,2025-02-17
422,2,vendor,43,4,Great value for money and reliable results.,2025-02-17
423,3,vendor,43,3,"Quality is decent, but could be improved.",2025-02-17
424,1,vendor,44,4,Amazing! I highly recommend this for studies.,2025-02-17
425,2,vendor,44,1,I didn't notice a significant difference.,2025-02-17
426,3,vendor,44,4,I didn't notice a significant difference.,2025-02-17
427,1,vendor,45,5,I didn't notice a significant difference.,2025-02-17
428,2,vendor,45,3,Amazing! I highly recommend this for studies.,2025-02-17
429,3,vendor,45,4,Amazing! I highly recommend this for studies.,2025-02-17
430,1,vendor,46,4,I didn't notice a significant difference.,2025-02-17
431,2,vendor,46,4,Great value for money and reliable results.,2025-02-17
432,3,vendor,46,5,"Surprisingly good, exceeded my expectations!",2025-02-17
433,1,vendor,47,3,I didn't notice a significant difference.,2025-02-17
434,2,vendor,47,4,"Mediocre results, not what I hoped for.",2025-02-17
435,3,vendor,47,3,Amazing! I highly recommend this for studies.,2025-02-17
436,1,vendor,48,5,Amazing! I highly recommend this for studies.,2025-02-17
437,2,vendor,48,4,I was very satisfied with the performance.,2025-02-17
438,3,vendor,48,5,"Mediocre results, not what I hoped for.",2025-02-17
439,1,vendor,49,3,Outstanding! Truly revolutionary in my lab.,2025-02-17
440,2,vendor,49,1,"Quality is decent, but could be improved.",2025-02-17
441,3,vendor,49,4,Amazing! I highly recommend this for studies.,2025-02-17
442,1,vendor,50,2,I was very satisfied with the performance.,2025-02-17
443,2,vendor,50,3,"Quality is decent, but could be improved.",2025-02-17
444,3,vendor,50,5,"Excellent product, really helped my research!",2025-02-17
445,1,vendor,52,3,I was very satisfied with the performance.,2025-02-17
446,2,vendor,52,1,Outstanding! Truly revolutionary in my lab.,2025-02-17
447,3,vendor,52,4,"Surprisingly good, exceeded my expectations!",2025-02-17
448,1,vendor,53,4,Outstanding! Truly revolutionary in my lab.,2025-02-17
449,2,vendor,53,1,I was very satisfied with the performance.,2025-02-17
450,3,vendor,53,4,Not as effective as I expected.,2025-02-17
451,1,vendor,55,4,I was very satisfied with the performance.,2025-02-17
452,2,vendor,55,5,"Mediocre results, not what I hoped for.",2025-02-17
453,3,vendor,55,5,"Excellent product, really helped my research!",2025-02-17
454,1,vendor,56,5,I didn't notice a significant difference.,2025-02-17
455,2,vendor,56,5,Outstanding! Truly revolutionary in my lab.,2025-02-17
456,3,vendor,56,5,Great value for money and reliable results.,2025-02-17
457,1,vendor,57,5,Outstanding! Truly revolutionary in my lab.,2025-02-17
458,2,vendor,57,5,"Mediocre results, not what I hoped for.",2025-02-17
459,3,vendor,57,2,Outstanding! Truly revolutionary in my lab.,2025-02-17
460,1,vendor,58,1,Outstanding! Truly revolutionary in my lab.,2025-02-17
461,2,vendor,58,4,"Quality is decent, but could be improved.",2025-02-17
462,3,vendor,58,2,"Surprisingly good, exceeded my expectations!",2025-02-17
463,1,vendor,59,3,I didn't notice a significant difference.,2025-02-17
464,2,vendor,59,2,"Mediocre results, not what I hoped for.",2025-02-17
465,3,vendor,59,1,Amazing! I highly recommend this for studies.,2025-02-17
466,1,vendor,60,1,I didn't notice a significant difference.,2025-02-17
467,2,vendor,60,5,I was very satisfied with the performance.,2025-02-17
468,3,vendor,60,2,Not as effective as I expected.,2025-02-17
469,1,vendor,61,4,"Excellent product, really helped my research!",2025-02-17
470,2,vendor,61,2,I was very satisfied with the performance.,2025-02-17
471,3,vendor,61,2,I was very satisfied with the performance.,2025-02-17
472,1,vendor,63,3,Outstanding! Truly revolutionary in my lab.,2025-02-17
473,2,vendor,63,5,Amazing! I highly recommend this for studies.,2025-02-17
474,3,vendor,63,4,I didn't notice a significant difference.,2025-02-17
475,1,vendor,64,2,I didn't notice a significant difference.,2025-02-17
476,2,vendor,64,1,"Surprisingly good, exceeded my expectations!",2025-02-17
477,3,vendor,64,5,Outstanding! Truly revolutionary in my lab.,2025-02-17
478,1,vendor,65,1,"Quality is decent, but could be improved.",2025-02-17
479,2,vendor,65,3,"Mediocre results, not what I hoped for.",2025-02-17
480,3,vendor,65,1,"Excellent product, really helped my research!",2025-02-17
481,1,vendor,67,2,Amazing! I highly recommend this for studies.,2025-02-17
482,2,vendor,67,5,Not as effective as I expected.,2025-02-17
483,3,vendor,67,1,Not as effective as I expected.,2025-02-17
484,1,vendor,68,1,I didn't notice a significant difference.,2025-02-17
485,2,vendor,68,5,"Surprisingly good, exceeded my expectations!",2025-02-17
486,3,vendor,68,5,I didn't notice a significant difference.,2025-02-17
487,1,vendor,69,5,Outstanding! Truly revolutionary in my lab.,2025-02-17
488,2,vendor,69,2,"Quality is decent, but could be improved.",2025-02-17
489,3,vendor,69,3,"Surprisingly good, exceeded my expectations!",2025-02-17
490,1,vendor,70,5,"Mediocre results, not what I hoped for.",2025-02-17
491,2,vendor,70,1,Not as effective as I expected.,2025-02-17
492,3,vendor,70,5,I didn't notice a significant difference.,2025-02-17
493,1,vendor,71,3,I didn't notice a significant difference.,2025-02-17
494,2,vendor,71,5,Not as effective as I expected.,2025-02-17
495,3,vendor,71,2,"Surprisingly good, exceeded my expectations!",2025-02-17
496,1,vendor,72,4,"Surprisingly good, exceeded my expectations!",2025-02-17
497,2,vendor,72,4,"Quality is decent, but could be improved.",2025-02-17
498,3,vendor,72,4,Not as effective as I expected.,2025-02-17
499,1,vendor,73,2,"Surprisingly good, exceeded my expectations!",2025-02-17
500,2,vendor,73,1,I didn't notice a significant difference.,2025-02-17
501,3,vendor,73,5,Outstanding! Truly revolutionary in my lab.,2025-02-17
502,1,vendor,74,4,I didn't notice a significant difference.,2025-02-17
503,2,vendor,74,5,Outstanding! Truly revolutionary in my lab.,2025-02-17
504,3,vendor,74,5,Not as effective as I expected.,2025-02-17
505,1,vendor,75,4,Outstanding! Truly revolutionary in my lab.,2025-02-17
506,2,vendor,75,1,"Quality is decent, but could be improved.",2025-02-17
507,3,vendor,75,2,"Mediocre results, not what I hoped for.",2025-02-17
508,1,vendor,76,4,I didn't notice a significant difference.,2025-02-17
509,2,vendor,76,1,"Mediocre results, not what I hoped for.",2025-02-17
510,3,vendor,76,1,Not as effective as I expected.,2025-02-17
511,1,vendor,77,2,I was very satisfied with the performance.,2025-02-17
512,2,vendor,77,2,I was very satisfied with the performance.,2025-02-17
513,3,vendor,77,4,I didn't notice a significant difference.,2025-02-17
514,1,vendor,78,2,Outstanding! Truly revolutionary in my lab.,2025-02-17
515,2,vendor,78,2,Amazing! I highly recommend this for studies.,2025-02-17
516,3,vendor,78,5,Great value for money and reliable results.,2025-02-17
517,1,vendor,79,5,"Surprisingly good, exceeded my expectations!",2025-02-17
518,2,vendor,79,4,Outstanding! Truly revolutionary in my lab.,2025-02-17
519,3,vendor,79,5,"Mediocre results, not what I hoped for.",2025-02-17
520,1,vendor,80,4,"Quality is decent, but could be improved.",2025-02-17
521,2,vendor,80,3,Not as effective as I expected.,2025-02-17
522,3,vendor,80,4,Great value for money and reliable results.,2025-02-17
523,1,vendor,81,1,Great value for money and reliable results.,2025-02-17
524,2,vendor,81,1,"Surprisingly good, exceeded my expectations!",2025-02-17
525,3,vendor,81,1,Outstanding! Truly revolutionary in my lab.,2025-02-17
526,1,vendor,82,5,"Excellent product, really helped my research!",2025-02-17
527,2,vendor,82,1,Great value for money and reliable results.,2025-02-17
528,3,vendor,82,2,"Quality is decent, but could be improved.",2025-02-17
529,1,vendor,83,1,I didn't notice a significant difference.,2025-02-17
530,2,vendor,83,5,I was very satisfied with the performance.,2025-02-17
531,3,vendor,83,3,"Mediocre results, not what I hoped for.",2025-02-17
532,1,vendor,84,4,Great value for money and reliable results.,2025-02-17
533,2,vendor,84,2,"Surprisingly good, exceeded my expectations!",2025-02-17
534,3,vendor,84,2,Great value for money and reliable results.,2025-02-17
535,1,vendor,85,5,Outstanding! Truly revolutionary in my lab.,2025-02-17
536,2,vendor,85,5,Outstanding! Truly revolutionary in my lab.,2025-02-17
537,3,vendor,85,4,Not as effective as I expected.,2025-02-17
538,1,vendor,86,1,Outstanding! Truly revolutionary in my lab.,2025-02-17
539,2,vendor,86,1,Great value for money and reliable results.,2025-02-17
540,3,vendor,86,5,"Mediocre results, not what I hoped for.",2025-02-17
541,1,vendor,87,3,"Excellent product, really helped my research!",2025-02-17
542,2,vendor,87,4,Great value for money and reliable results.,2025-02-17
543,3,vendor,87,1,Amazing! I highly recommend this for studies.,2025-02-17
544,1,vendor,88,3,"Surprisingly good, exceeded my expectations!",2025-02-17
545,2,vendor,88,3,"Excellent product, really helped my research!",2025-02-17
546,3,vendor,88,3,Not as effective as I expected.,2025-02-17
547,1,vendor,89,2,Great value for money and reliable results.,2025-02-17
548,2,vendor,89,3,Outstanding! Truly revolutionary in my lab.,2025-02-17
549,3,vendor,89,5,Outstanding! Truly revolutionary in my lab.,2025-02-17
550,1,vendor,90,1,Amazing! I highly recommend this for studies.,2025-02-17
551,2,vendor,90,4,I didn't notice a significant difference.,2025-02-17
552,3,vendor,90,4,Not as effective as I expected.,2025-02-17
553,1,vendor,91,5,I didn't notice a significant difference.,2025-02-17
554,2,vendor,91,5,Not as effective as I expected.,2025-02-17
555,3,vendor,91,1,"Surprisingly good, exceeded my expectations!",2025-02-17
556,1,vendor,92,5,"Surprisingly good, exceeded my expectations!",2025-02-17
557,2,vendor,92,3,Amazing! I highly recommend this for studies.,2025-02-17
558,3,vendor,92,1,I was very satisfied with the performance.,2025-02-17
559,1,vendor,93,2,Not as effective as I expected.,2025-02-17
560,2,vendor,93,4,"Excellent product, really helped my research!",2025-02-17
561,3,vendor,93,2,I was very satisfied with the performance.,2025-02-17
562,1,vendor,94,2,"Excellent product, really helped my research!",2025-02-17
563,2,vendor,94,5,"Quality is decent, but could be improved.",2025-02-17
564,3,vendor,94,2,"Surprisingly good, exceeded my expectations!",2025-02-17
565,1,vendor,95,3,Amazing! I highly recommend this for studies.,2025-02-17
566,2,vendor,95,3,Outstanding! Truly revolutionary in my lab.,2025-02-17
567,3,vendor,95,5,Great value for money and reliable results.,2025-02-17
568,1,vendor,96,1,Not as effective as I expected.,2025-02-17
569,2,vendor,96,4,"Mediocre results, not what I hoped for.",2025-02-17
570,3,vendor,96,2,Outstanding! Truly revolutionary in my lab.,2025-02-17
571,1,vendor,224,1,"Surprisingly good, exceeded my expectations!",2025-02-17
572,2,vendor,224,1,Amazing! I highly recommend this for studies.,2025-02-17
573,3,vendor,224,4,I didn't notice a significant difference.,2025-02-17
574,1,vendor,225,2,Not as effective as I expected.,2025-02-17
575,2,vendor,225,5,"Excellent product, really helped my research!",2025-02-17
576,3,vendor,225,4,Amazing! I highly recommend this for studies.,2025-02-17
577,1,vendor,226,2,Great value for money and reliable results.,2025-02-17
578,2,vendor,226,5,Amazing! I highly recommend this for studies.,2025-02-17
579,3,vendor,226,2,"Surprisingly good, exceeded my expectations!",2025-02-17
580,1,vendor,227,1,Amazing! I highly recommend this for studies.,2025-02-17
581,2,vendor,227,3,"Quality is decent, but could be improved.",2025-02-17
582,3,vendor,227,5,Outstanding! Truly revolutionary in my lab.,2025-02-17
583,1,vendor,228,5,Not as effective as I expected.,2025-02-17
584,2,vendor,228,2,I was very satisfied with the performance.,2025-02-17
585,3,vendor,228,5,"Surprisingly good, exceeded my expectations!",2025-02-17
586,1,vendor,229,5,I didn't notice a significant difference.,2025-02-17
587,2,vendor,229,1,"Surprisingly good, exceeded my expectations!",2025-02-17
588,3,vendor,229,1,I was very satisfied with the performance.,2025-02-17
589,1,vendor,230,5,Amazing! I highly recommend this for studies.,2025-02-17
590,2,vendor,230,2,Not as effective as I expected.,2025-02-17
591,3,vendor,230,2,"Mediocre results, not what I hoped for.",2025-02-17
592,1,vendor,231,1,"Mediocre results, not what I hoped for.",2025-02-17
593,2,vendor,231,1,"Mediocre results, not what I hoped for.",2025-02-17
594,3,vendor,231,2,"Excellent product, really helped my research!",2025-02-17
595,1,vendor,232,1,"Surprisingly good, exceeded my expectations!",2025-02-17
596,2,vendor,232,1,"Quality is decent, but could be improved.",2025-02-17
597,3,vendor,232,5,Great value for money and reliable results.,2025-02-17
598,1,vendor,233,1,"Surprisingly good, exceeded my expectations!",2025-02-17
599,2,vendor,233,5,"Quality is decent, but could be improved.",2025-02-17
600,3,vendor,233,5,Great value for money and reliable results.,2025-02-17
601,1,vendor,234,3,Outstanding! Truly revolutionary in my lab.,2025-02-17
602,2,vendor,234,1,"Excellent product, really helped my research!",2025-02-17
603,3,vendor,234,1,"Mediocre results, not what I hoped for.",2025-02-17
604,1,vendor,235,2,I was very satisfied with the performance.,2025-02-17
605,2,vendor,235,3,Amazing! I highly recommend this for studies.,2025-02-17
606,3,vendor,235,5,Outstanding! Truly revolutionary in my lab.,2025-02-17
607,1,vendor,236,1,Not as effective as I expected.,2025-02-17
608,2,vendor,236,5,Great value for money and reliable results.,2025-02-17
609,3,vendor,236,1,Great value for money and reliable results.,2025-02-17
610,1,vendor,237,2,Great value for money and reliable results.,2025-02-17
611,2,vendor,237,1,"Surprisingly good, exceeded my expectations!",2025-02-17
612,3,vendor,237,4,"Quality is decent, but could be improved.",2025-02-17
613,1,vendor,238,3,Not as effective as I expected.,2025-02-17
614,2,vendor,238,2,"Surprisingly good, exceeded my expectations!",2025-02-17
615,3,vendor,238,2,I was very satisfied with the performance.,2025-02-17
616,1,vendor,239,5,"Excellent product, really helped my research!",2025-02-17
617,2,vendor,239,5,"Mediocre results, not what I hoped for.",2025-02-17
618,3,vendor,239,2,I was very satisfied with the performance.,2025-02-17
619,1,vendor,240,2,I didn't notice a significant difference.,2025-02-17
620,2,vendor,240,5,"Surprisingly good, exceeded my expectations!",2025-02-17
621,3,vendor,240,5,"Mediocre results, not what I hoped for.",2025-02-17
622,1,vendor,241,4,I was very satisfied with the performance.,2025-02-17
623,2,vendor,241,1,"Surprisingly good, exceeded my expectations!",2025-02-17
624,3,vendor,241,4,I didn't notice a significant difference.,2025-02-17
625,1,vendor,242,5,Outstanding! Truly revolutionary in my lab.,2025-02-17
626,2,vendor,242,4,I didn't notice a significant difference.,2025-02-17
627,3,vendor,242,4,I was very satisfied with the performance.,2025-02-17
628,1,vendor,243,3,Great value for money and reliable results.,2025-02-17
629,2,vendor,243,5,I was very satisfied with the performance.,2025-02-17
630,3,vendor,243,5,"Surprisingly good, exceeded my expectations!",2025-02-17
631,1,vendor,244,1,"Excellent product, really helped my research!",2025-02-17
632,2,vendor,244,1,Amazing! I highly recommend this for studies.,2025-02-17
633,3,vendor,244,1,"Mediocre results, not what I hoped for.",2025-02-17
634,1,vendor,245,2,"Surprisingly good, exceeded my expectations!",2025-02-17
635,2,vendor,245,3,Great value for money and reliable results.,2025-02-17
636,3,vendor,245,3,I was very satisfied with the performance.,2025-02-17
637,1,vendor,246,5,"Surprisingly good, exceeded my expectations!",2025-02-17
638,2,vendor,246,1,"Mediocre results, not what I hoped for.",2025-02-17
639,3,vendor,246,4,I was very satisfied with the performance.,2025-02-17
640,1,vendor,247,5,Amazing! I highly recommend this for studies.,2025-02-17
641,2,vendor,247,3,Amazing! I highly recommend this for studies.,2025-02-17
642,3,vendor,247,5,"Quality is decent, but could be improved.",2025-02-17
643,1,vendor,248,2,"Quality is decent, but could be improved.",2025-02-17
644,2,vendor,248,1,Great value for money and reliable results.,2025-02-17
645,3,vendor,248,3,Amazing! I highly recommend this for studies.,2025-02-17
646,1,vendor,249,4,Great value for money and reliable results.,2025-02-17
647,2,vendor,249,1,"Excellent product, really helped my research!",2025-02-17
648,3,vendor,249,3,Great value for money and reliable results.,2025-02-17
649,1,vendor,250,4,I didn't notice a significant difference.,2025-02-17
650,2,vendor,250,5,Amazing! I highly recommend this for studies.,2025-02-17
651,3,vendor,250,1,I didn't notice a significant difference.,2025-02-17
652,1,vendor,251,4,Great value for money and reliable results.,2025-02-17
653,2,vendor,251,4,"Excellent product, really helped my research!",2025-02-17
654,3,vendor,251,5,"Quality is decent, but could be improved.",2025-02-17
655,1,vendor,252,4,Great value for money and reliable results.,2025-02-17
656,2,vendor,252,4,Not as effective as I expected.,2025-02-17
657,3,vendor,252,4,Amazing! I highly recommend this for studies.,2025-02-17
658,1,vendor,253,4,Outstanding! Truly revolutionary in my lab.,2025-02-17
659,2,vendor,253,2,"Mediocre results, not what I hoped for.",2025-02-17
660,3,vendor,253,4,Great value for money and reliable results.,2025-02-17
661,1,vendor,254,1,Not as effective as I expected.,2025-02-17
662,2,vendor,254,2,I was very satisfied with the performance.,2025-02-17
663,3,vendor,254,2,Not as effective as I expected.,2025-02-17
664,1,vendor,255,3,"Mediocre results, not what I hoped for.",2025-02-17
665,2,vendor,255,1,Not as effective as I expected.,2025-02-17
666,3,vendor,255,2,Outstanding! Truly revolutionary in my lab.,2025-02-17
667,1,vendor,256,4,Amazing! I highly recommend this for studies.,2025-02-17
668,2,vendor,256,2,"Excellent product, really helped my research!",2025-02-17
669,3,vendor,256,4,I was very satisfied with the performance.,2025-02-17
670,1,vendor,257,3,Great value for money and reliable results.,2025-02-17
671,2,vendor,257,3,"Quality is decent, but could be improved.",2025-02-17
672,3,vendor,257,2,"Quality is decent, but could be improved.",2025-02-17
673,1,vendor,258,5,Outstanding! Truly revolutionary in my lab.,2025-02-17
674,2,vendor,258,5,"Quality is decent, but could be improved.",2025-02-17
675,3,vendor,258,3,"Surprisingly good, exceeded my expectations!",2025-02-17
676,1,vendor,259,3,I was very satisfied with the performance.,2025-02-17
677,2,vendor,259,1,I didn't notice a significant difference.,2025-02-17
678,3,vendor,259,5,I didn't notice a significant difference.,2025-02-17
679,1,vendor,260,2,"Mediocre results, not what I hoped for.",2025-02-17
680,2,vendor,260,1,I didn't notice a significant difference.,2025-02-17
681,3,vendor,260,4,"Mediocre results, not what I hoped for.",2025-02-17
682,1,vendor,261,3,Outstanding! Truly revolutionary in my lab.,2025-02-17
683,2,vendor,261,1,Amazing! I highly recommend this for studies.,2025-02-17
684,3,vendor,261,1,"Surprisingly good, exceeded my expectations!",2025-02-17
685,1,vendor,262,2,I didn't notice a significant difference.,2025-02-17
686,2,vendor,262,3,"Surprisingly good, exceeded my expectations!",2025-02-17
687,3,vendor,262,5,Not as effective as I expected.,2025-02-17
688,1,vendor,263,2,"Mediocre results, not what I hoped for.",2025-02-17
689,2,vendor,263,5,"Mediocre results, not what I hoped for.",2025-02-17
690,3,vendor,263,3,I was very satisfied with the performance.,2025-02-17
691,1,vendor,264,5,"Quality is decent, but could be improved.",2025-02-17
692,2,vendor,264,3,Great value for money and reliable results.,2025-02-17
693,3,vendor,264,1,Amazing! I highly recommend this for studies.,2025-02-17
694,1,vendor,265,2,Not as effective as I expected.,2025-02-17
695,2,vendor,265,5,"Quality is decent, but could be improved.",2025-02-17
696,3,vendor,265,3,I didn't notice a significant difference.,2025-02-17
697,1,vendor,266,3,"Mediocre results, not what I hoped for.",2025-02-17
698,2,vendor,266,4,I was very satisfied with the performance.,2025-02-17
699,3,vendor,266,2,Amazing! I highly recommend this for studies.,2025-02-17
700,1,vendor,267,4,Outstanding! Truly revolutionary in my lab.,2025-02-17
701,2,vendor,267,4,Amazing! I highly recommend this for studies.,2025-02-17
702,3,vendor,267,2,"Mediocre results, not what I hoped for.",2025-02-17
703,1,vendor,268,4,Outstanding! Truly revolutionary in my lab.,2025-02-17
704,2,vendor,268,1,Outstanding! Truly revolutionary in my lab.,2025-02-17
705,3,vendor,268,4,Outstanding! Truly revolutionary in my lab.,2025-02-17
706,1,vendor,269,3,Great value for money and reliable results.,2025-02-17
707,2,vendor,269,3,Not as effective as I expected.,2025-02-17
708,3,vendor,269,5,"Quality is decent, but could be improved.",2025-02-17
709,1,vendor,270,1,"Mediocre results, not what I hoped for.",2025-02-17
710,2,vendor,270,3,"Surprisingly good, exceeded my expectations!",2025-02-17
711,3,vendor,270,4,"Quality is decent, but could be improved.",2025-02-17
712,1,vendor,271,1,Not as effective as I expected.,2025-02-17
713,2,vendor,271,1,Amazing! I highly recommend this for studies.,2025-02-17
714,3,vendor,271,4,"Excellent product, really helped my research!",2025-02-17
715,1,vendor,272,4,"Quality is decent, but could be improved.",2025-02-17
716,2,vendor,272,4,Great value for money and reliable results.,2025-02-17
717,3,vendor,272,2,Amazing! I highly recommend this for studies.,2025-02-17
718,1,vendor,273,3,"Excellent product, really helped my research!",2025-02-17
719,2,vendor,273,3,"Surprisingly good, exceeded my expectations!",2025-02-17
720,3,vendor,273,1,Amazing! I highly recommend this for studies.,2025-02-17
721,1,vendor,274,1,Not as effective as I expected.,2025-02-17
722,2,vendor,274,4,Outstanding! Truly revolutionary in my lab.,2025-02-17
723,3,vendor,274,3,Outstanding! Truly revolutionary in my lab.,2025-02-17
724,1,vendor,275,2,"Surprisingly good, exceeded my expectations!",2025-02-17
725,2,vendor,275,4,"Excellent product, really helped my research!",2025-02-17
726,3,vendor,275,5,I didn't notice a significant difference.,2025-02-17
727,1,vendor,276,3,I didn't notice a significant difference.,2025-02-17
728,2,vendor,276,2,I was very satisfied with the performance.,2025-02-17
729,3,vendor,276,1,"Surprisingly good, exceeded my expectations!",2025-02-17
730,1,vendor,277,3,Amazing! I highly recommend this for studies.,2025-02-17
731,2,vendor,277,3,"Quality is decent, but could be improved.",2025-02-17
732,3,vendor,277,3,Great value for money and reliable results.,2025-02-17
733,1,vendor,278,3,Great value for money and reliable results.,2025-02-17
734,2,vendor,278,2,Amazing! I highly recommend this for studies.,2025-02-17
735,3,vendor,278,4,Amazing! I highly recommend this for studies.,2025-02-17
736,1,vendor,279,1,I didn't notice a significant difference.,2025-02-17
737,2,vendor,279,2,I didn't notice a significant difference.,2025-02-17
738,3,vendor,279,2,Great value for money and reliable results.,2025-02-17
739,1,vendor,280,2,I was very satisfied with the performance.,2025-02-17
740,2,vendor,280,3,"Quality is decent, but could be improved.",2025-02-17
741,3,vendor,280,2,"Mediocre results, not what I hoped for.",2025-02-17
742,1,vendor,281,5,"Quality is decent, but could be improved.",2025-02-17
743,2,vendor,281,4,Amazing! I highly recommend this for studies.,2025-02-17
744,3,vendor,281,4,Amazing! I highly recommend this for studies.,2025-02-17
745,1,vendor,282,5,"Excellent product, really helped my research!",2025-02-17
746,2,vendor,282,3,Not as effective as I expected.,2025-02-17
747,3,vendor,282,5,I was very satisfied with the performance.,2025-02-17
748,1,vendor,283,4,Amazing! I highly recommend this for studies.,2025-02-17
749,2,vendor,283,1,Outstanding! Truly revolutionary in my lab.,2025-02-17
750,3,vendor,283,1,Amazing! I highly recommend this for studies.,2025-02-17
751,1,vendor,284,5,"Excellent product, really helped my research!",2025-02-17
752,2,vendor,284,1,Great value for money and reliable results.,2025-02-17
753,3,vendor,284,3,I was very satisfied with the performance.,2025-02-17
754,1,vendor,285,4,"Excellent product, really helped my research!",2025-02-17
755,2,vendor,285,2,Great value for money and reliable results.,2025-02-17
756,3,vendor,285,1,Amazing! I highly recommend this for studies.,2025-02-17
757,1,vendor,324,5,I was very satisfied with the performance.,2025-02-17
758,2,vendor,324,5,"Quality is decent, but could be improved.",2025-02-17
759,3,vendor,324,2,I didn't notice a significant difference.,2025-02-17
760,1,vendor,325,2,Outstanding! Truly revolutionary in my lab.,2025-02-17
761,2,vendor,325,4,"Quality is decent, but could be improved.",2025-02-17
762,3,vendor,325,3,Not as effective as I expected.,2025-02-17
763,1,vendor,326,4,Outstanding! Truly revolutionary in my lab.,2025-02-17
764,2,vendor,326,3,Great value for money and reliable results.,2025-02-17
765,3,vendor,326,3,I didn't notice a significant difference.,2025-02-17
766,1,vendor,327,4,"Mediocre results, not what I hoped for.",2025-02-17
767,2,vendor,327,2,I was very satisfied with the performance.,2025-02-17
768,3,vendor,327,3,Outstanding! Truly revolutionary in my lab.,2025-02-17
769,1,vendor,328,3,"Surprisingly good, exceeded my expectations!",2025-02-17
770,2,vendor,328,3,"Mediocre results, not what I hoped for.",2025-02-17
771,3,vendor,328,4,Outstanding! Truly revolutionary in my lab.,2025-02-17
772,1,vendor,329,1,"Mediocre results, not what I hoped for.",2025-02-17
773,2,vendor,329,2,"Surprisingly good, exceeded my expectations!",2025-02-17
774,3,vendor,329,5,I was very satisfied with the performance.,2025-02-17
775,1,vendor,330,3,I didn't notice a significant difference.,2025-02-17
776,2,vendor,330,5,Great value for money and reliable results.,2025-02-17
777,3,vendor,330,2,I didn't notice a significant difference.,2025-02-17
778,1,vendor,331,4,Great value for money and reliable results.,2025-02-17
779,2,vendor,331,1,Not as effective as I expected.,2025-02-17
780,3,vendor,331,3,"Mediocre results, not what I hoped for.",2025-02-17
781,1,vendor,332,3,"Mediocre results, not what I hoped for.",2025-02-17
782,2,vendor,332,5,I didn't notice a significant difference.,2025-02-17
783,3,vendor,332,1,Not as effective as I expected.,2025-02-17
784,1,vendor,333,2,"Surprisingly good, exceeded my expectations!",2025-02-17
785,2,vendor,333,5,I was very satisfied with the performance.,2025-02-17
786,3,vendor,333,5,Outstanding! Truly revolutionary in my lab.,2025-02-17
787,1,vendor,334,1,"Excellent product, really helped my research!",2025-02-17
788,2,vendor,334,3,Outstanding! Truly revolutionary in my lab.,2025-02-17
789,3,vendor,334,3,Great value for money and reliable results.,2025-02-17
790,1,vendor,335,1,"Surprisingly good, exceeded my expectations!",2025-02-17
791,2,vendor,335,2,"Quality is decent, but could be improved.",2025-02-17
792,3,vendor,335,3,"Quality is decent, but could be improved.",2025-02-17
793,1,vendor,336,4,Great value for money and reliable results.,2025-02-17
794,2,vendor,336,5,"Mediocre results, not what I hoped for.",2025-02-17
795,3,vendor,336,4,"Excellent product, really helped my research!",2025-02-17
796,1,vendor,337,3,Not as effective as I expected.,2025-02-17
797,2,vendor,337,5,Not as effective as I expected.,2025-02-17
798,3,vendor,337,5,I didn't notice a significant difference.,2025-02-17
799,1,vendor,338,3,"Surprisingly good, exceeded my expectations!",2025-02-17
800,2,vendor,338,3,Outstanding! Truly revolutionary in my lab.,2025-02-17
801,3,vendor,338,4,I was very satisfied with the performance.,2025-02-17
802,1,vendor,339,1,"Surprisingly good, exceeded my expectations!",2025-02-17
803,2,vendor,339,2,"Mediocre results, not what I hoped for.",2025-02-17
804,3,vendor,339,4,Amazing! I highly recommend this for studies.,2025-02-17
805,1,vendor,340,2,"Mediocre results, not what I hoped for.",2025-02-17
806,2,vendor,340,3,I didn't notice a significant difference.,2025-02-17
807,3,vendor,340,5,"Surprisingly good, exceeded my expectations!",2025-02-17
808,1,vendor,343,1,"Quality is decent, but could be improved.",2025-02-17
809,2,vendor,343,2,"Quality is decent, but could be improved.",2025-02-17
810,3,vendor,343,2,Amazing! I highly recommend this for studies.,2025-02-17
811,1,vendor,344,1,"Mediocre results, not what I hoped for.",2025-02-17
812,2,vendor,344,2,I was very satisfied with the performance.,2025-02-17
813,3,vendor,344,5,"Quality is decent, but could be improved.",2025-02-17
814,1,vendor,345,5,I was very satisfied with the performance.,2025-02-17
815,2,vendor,345,1,Not as effective as I expected.,2025-02-17
816,3,vendor,345,4,"Quality is decent, but could be improved.",2025-02-17
817,1,vendor,346,4,"Excellent product, really helped my research!",2025-02-17
818,2,vendor,346,1,Amazing! I highly recommend this for studies.,2025-02-17
819,3,vendor,346,4,"Excellent product, really helped my research!",2025-02-17
820,1,vendor,347,5,Outstanding! Truly revolutionary in my lab.,2025-02-17
821,2,vendor,347,3,"Quality is decent, but could be improved.",2025-02-17
822,3,vendor,347,4,"Excellent product, really helped my research!",2025-02-17
823,1,vendor,349,5,"Excellent product, really helped my research!",2025-02-17
824,2,vendor,349,3,I didn't notice a significant difference.,2025-02-17
825,3,vendor,349,4,Amazing! I highly recommend this for studies.,2025-02-17
826,1,vendor,350,3,Not as effective as I expected.,2025-02-17
827,2,vendor,350,1,Outstanding! Truly revolutionary in my lab.,2025-02-17
828,3,vendor,350,5,"Mediocre results, not what I hoped for.",2025-02-17
829,1,vendor,351,2,"Quality is decent, but could be improved.",2025-02-17
830,2,vendor,351,5,Amazing! I highly recommend this for studies.,2025-02-17
831,3,vendor,351,4,"Excellent product, really helped my research!",2025-02-17
832,1,vendor,352,3,Great value for money and reliable results.,2025-02-17
833,2,vendor,352,5,Great value for money and reliable results.,2025-02-17
834,3,vendor,352,4,"Excellent product, really helped my research!",2025-02-17
835,1,vendor,356,2,I was very satisfied with the performance.,2025-02-17
836,2,vendor,356,4,"Quality is decent, but could be improved.",2025-02-17
837,3,vendor,356,1,I didn't notice a significant difference.,2025-02-17
838,1,vendor,357,5,I was very satisfied with the performance.,2025-02-17
839,2,vendor,357,3,Not as effective as I expected.,2025-02-17
840,3,vendor,357,1,"Mediocre results, not what I hoped for.",2025-02-17
841,1,vendor,358,1,I didn't notice a significant difference.,2025-02-17
842,2,vendor,358,2,Not as effective as I expected.,2025-02-17
843,3,vendor,358,5,Not as effective as I expected.,2025-02-17
844,1,vendor,359,5,"Quality is decent, but could be improved.",2025-02-17
845,2,vendor,359,1,I was very satisfied with the performance.,2025-02-17
846,3,vendor,359,5,"Quality is decent, but could be improved.",2025-02-17
847,1,vendor,365,1,Amazing! I highly recommend this for studies.,2025-02-17
848,2,vendor,365,1,"Surprisingly good, exceeded my expectations!",2025-02-17
849,3,vendor,365,2,I was very satisfied with the performance.,2025-02-17
850,1,vendor,366,1,I didn't notice a significant difference.,2025-02-17
851,2,vendor,366,3,Amazing! I highly recommend this for studies.,2025-02-17
852,3,vendor,366,1,"Quality is decent, but could be improved.",2025-02-17
853,1,vendor,368,3,"Quality is decent, but could be improved.",2025-02-17
854,2,vendor,368,3,I was very satisfied with the performance.,2025-02-17
855,3,vendor,368,4,"Mediocre results, not what I hoped for.",2025-02-17
856,1,vendor,369,5,I didn't notice a significant difference.,2025-02-17
857,2,vendor,369,4,Not as effective as I expected.,2025-02-17
858,3,vendor,369,3,Outstanding! Truly revolutionary in my lab.,2025-02-17
859,1,vendor,370,1,Great value for money and reliable results.,2025-02-17
860,2,vendor,370,2,"Surprisingly good, exceeded my expectations!",2025-02-17
861,3,vendor,370,3,Amazing! I highly recommend this for studies.,2025-02-17
862,1,vendor,371,1,Not as effective as I expected.,2025-02-17
863,2,vendor,371,2,I was very satisfied with the performance.,2025-02-17
864,3,vendor,371,2,"Excellent product, really helped my research!",2025-02-17
865,1,vendor,372,4,I didn't notice a significant difference.,2025-02-17
866,2,vendor,372,2,I didn't notice a significant difference.,2025-02-17
867,3,vendor,372,3,Not as effective as I expected.,2025-02-17
868,1,vendor,373,3,I didn't notice a significant difference.,2025-02-17
869,2,vendor,373,5,"Quality is decent, but could be improved.",2025-02-17
870,3,vendor,373,1,Not as effective as I expected.,2025-02-17
871,1,vendor,374,4,"Excellent product, really helped my research!",2025-02-17
872,2,vendor,374,4,Great value for money and reliable results.,2025-02-17
873,3,vendor,374,4,"Surprisingly good, exceeded my expectations!",2025-02-17
874,1,vendor,375,5,"Quality is decent, but could be improved.",2025-02-17
875,2,vendor,375,1,I was very satisfied with the performance.,2025-02-17
876,3,vendor,375,2,"Surprisingly good, exceeded my expectations!",2025-02-17
877,1,vendor,376,1,"Quality is decent, but could be improved.",2025-02-17
878,2,vendor,376,1,Great value for money and reliable results.,2025-02-17
879,3,vendor,376,1,Great value for money and reliable results.,2025-02-17
880,1,vendor,377,5,"Excellent product, really helped my research!",2025-02-17
881,2,vendor,377,1,Not as effective as I expected.,2025-02-17
882,3,vendor,377,1,I didn't notice a significant difference.,2025-02-17
883,1,vendor,378,5,I didn't notice a significant difference.,2025-02-17
884,2,vendor,378,2,I was very satisfied with the performance.,2025-02-17
885,3,vendor,378,3,Amazing! I highly recommend this for studies.,2025-02-17
886,1,vendor,379,1,"Quality is decent, but could be improved.",2025-02-17
887,2,vendor,379,4,"Surprisingly good, exceeded my expectations!",2025-02-17
888,3,vendor,379,4,"Quality is decent, but could be improved.",2025-02-17
889,1,vendor,380,5,Not as effective as I expected.,2025-02-17
890,2,vendor,380,2,Amazing! I highly recommend this for studies.,2025-02-17
891,3,vendor,380,5,Not as effective as I expected.,2025-02-17
892,1,vendor,381,2,Amazing! I highly recommend this for studies.,2025-02-17
893,2,vendor,381,3,"Surprisingly good, exceeded my expectations!",2025-02-17
894,3,vendor,381,2,"Mediocre results, not what I hoped for.",2025-02-17
895,1,vendor,382,3,"Surprisingly good, exceeded my expectations!",2025-02-17
896,2,vendor,382,5,Amazing! I highly recommend this for studies.,2025-02-17
897,3,vendor,382,1,"Surprisingly good, exceeded my expectations!",2025-02-17
898,1,vendor,383,5,Not as effective as I expected.,2025-02-17
899,2,vendor,383,4,"Surprisingly good, exceeded my expectations!",2025-02-17
900,3,vendor,383,4,"Excellent product, really helped my research!",2025-02-17
901,1,vendor,384,2,I was very satisfied with the performance.,2025-02-17
902,2,vendor,384,1,Amazing! I highly recommend this for studies.,2025-02-17
903,3,vendor,384,3,Not as effective as I expected.,2025-02-17
904,1,vendor,385,4,I was very satisfied with the performance.,2025-02-17
905,2,vendor,385,5,Outstanding! Truly revolutionary in my lab.,2025-02-17
906,3,vendor,385,5,I was very satisfied with the performance.,2025-02-17
907,1,vendor,386,4,"Quality is decent, but could be improved.",2025-02-17
908,2,vendor,386,2,Great value for money and reliable results.,2025-02-17
909,3,vendor,386,2,Amazing! I highly recommend this for studies.,2025-02-17
910,1,vendor,387,2,Great value for money and reliable results.,2025-02-17
911,2,vendor,387,1,I didn't notice a significant difference.,2025-02-17
912,3,vendor,387,5,"Excellent product, really helped my research!",2025-02-17
913,1,vendor,395,5,Amazing! I highly recommend this for studies.,2025-02-17
914,2,vendor,395,4,I didn't notice a significant difference.,2025-02-17
915,3,vendor,395,2,Amazing! I highly recommend this for studies.,2025-02-17
916,1,vendor,396,2,"Quality is decent, but could be improved.",2025-02-17
917,2,vendor,396,5,Outstanding! Truly revolutionary in my lab.,2025-02-17
918,3,vendor,396,5,"Surprisingly good, exceeded my expectations!",2025-02-17
919,1,vendor,397,5,"Excellent product, really helped my research!",2025-02-17
920,2,vendor,397,5,"Quality is decent, but could be improved.",2025-02-17
921,3,vendor,397,3,Amazing! I highly recommend this for studies.,2025-02-17
922,1,vendor,398,1,Not as effective as I expected.,2025-02-17
923,2,vendor,398,4,"Quality is decent, but could be improved.",2025-02-17
924,3,vendor,398,2,"Surprisingly good, exceeded my expectations!",2025-02-17
925,1,vendor,399,5,Great value for money and reliable results.,2025-02-17
926,2,vendor,399,5,Great value for money and reliable results.,2025-02-17
927,3,vendor,399,3,Not as effective as I expected.,2025-02-17
928,1,vendor,400,2,Amazing! I highly recommend this for studies.,2025-02-17
929,2,vendor,400,3,Great value for money and reliable results.,2025-02-17
930,3,vendor,400,4,I was very satisfied with the performance.,2025-02-17
931,1,vendor,401,3,I was very satisfied with the performance.,2025-02-17
932,2,vendor,401,1,I didn't notice a significant difference.,2025-02-17
933,3,vendor,401,1,"Surprisingly good, exceeded my expectations!",2025-02-17
